{
  "v": "5.7.4",
  "fr": 60,
  "ip": 0,
  "op": 210,
  "w": 1024,
  "h": 1024,
  "nm": "future_build_v2",
  "ddd": 0,
  "assets": [
    {
      "id": "img_1",
      "w": 1024,
      "h": 1024,
      "u": "images/",
      "p": "img1.png"
    },
    {
      "id": "img_2",
      "w": 1024,
      "h": 1024,
      "u": "images/",
      "p": "img2.png"
    },
    {
      "id": "img_3",
      "w": 1024,
      "h": 1024,
      "u": "images/",
      "p": "uture.png"
    }
  ],
  "layers": [
    {
      "ddd": 0,
      "ind": 3,
      "ty": 2,
      "nm": "UTURE",
      "refId": "img_3",
      "sr": 1,
      "ks": {
        "o": {
          "a": 1,
          "k": [
            {
              "t": 0,
              "s": [
                0
              ]
            },
            {
              "t": 130,
              "s": [
                0
              ]
            },
            {
              "t": 170,
              "s": [
                100
              ]
            },
            {
              "t": 210,
              "s": [
                100
              ]
            }
          ]
        },
        "r": {
          "a": 0,
          "k": 0,
          "ix": 10
        },
        "p": {
          "a": 1,
          "k": [
            {
              "t": 120,
              "s": [
                1284,
                512.0,
                0
              ]
            },
            {
              "t": 180,
              "s": [
                652.0,
                512.0,
                0
              ]
            }
          ]
        },
        "a": {
          "a": 0,
          "k": [
            512.0,
            512.0,
            0
          ],
          "ix": 1
        },
        "s": {
          "a": 0,
          "k": [
            100,
            100,
            100
          ],
          "ix": 6
        }
      },
      "ao": 0,
      "ip": 0,
      "op": 210,
      "st": 0,
      "bm": 0
    },
    {
      "ddd": 0,
      "ind": 2,
      "ty": 2,
      "nm": "Segunda",
      "refId": "img_2",
      "sr": 1,
      "ks": {
        "o": {
          "a": 1,
          "k": [
            {
              "t": 0,
              "s": [
                0
              ]
            },
            {
              "t": 60,
              "s": [
                0
              ]
            },
            {
              "t": 0,
              "s": [
                0
              ]
            },
            {
              "t": 100,
              "s": [
                0
              ]
            },
            {
              "t": 90,
              "s": [
                100
              ]
            },
            {
              "t": 210,
              "s": [
                100
              ]
            }
          ]
        },
        "r": {
          "a": 0,
          "k": 0,
          "ix": 10
        },
        "p": {
          "a": 1,
          "k": [
            {
              "t": 0,
              "s": [
                512.0,
                512.0,
                0
              ]
            },
            {
              "t": 120,
              "s": [
                512.0,
                512.0,
                0
              ]
            },
            {
              "t": 150,
              "s": [
                292.0,
                512.0,
                0
              ]
            }
          ]
        },
        "a": {
          "a": 0,
          "k": [
            512.0,
            512.0,
            0
          ],
          "ix": 1
        },
        "s": {
          "a": 0,
          "k": [
            100,
            100,
            100
          ],
          "ix": 6
        }
      },
      "ao": 0,
      "ip": 0,
      "op": 210,
      "st": 0,
      "bm": 0
    },
    {
      "ddd": 0,
      "ind": 1,
      "ty": 2,
      "nm": "Primera",
      "refId": "img_1",
      "sr": 1,
      "ks": {
        "o": {
          "a": 1,
          "k": [
            {
              "t": 0,
              "s": [
                0
              ]
            },
            {
              "t": 100,
              "s": [
                0
              ]
            },
            {
              "t": 60,
              "s": [
                100
              ]
            },
            {
              "t": 90,
              "s": [
                0
              ]
            },
            {
              "t": 20,
              "s": [
                100
              ]
            },
            {
              "t": 210,
              "s": [
                100
              ]
            },
            {
              "t": 210,
              "s": [
                0
              ]
            }
          ]
        },
        "r": {
          "a": 0,
          "k": 0,
          "ix": 10
        },
        "p": {
          "a": 0,
          "k": [
            512.0,
            512.0,
            0
          ],
          "ix": 2
        },
        "a": {
          "a": 0,
          "k": [
            512.0,
            512.0,
            0
          ],
          "ix": 1
        },
        "s": {
          "a": 1,
          "k": [
            {
              "t": 0,
              "s": [
                95,
                95,
                100
              ]
            },
            {
              "t": 210,
              "s": [
                100,
                100,
                100
              ]
            }
          ]
        }
      },
      "ao": 0,
      "ip": 0,
      "op": 210,
      "st": 0,
      "bm": 0
    }
  ]
}